<?xml version="1.0" encoding="UTF-8"?>
<jcr:root xmlns:sling="http://sling.apache.org/jcr/sling/1.0" xmlns:cq="http://www.day.com/jcr/cq/1.0" xmlns:jcr="http://www.jcp.org/jcr/1.0" xmlns:nt="http://www.jcp.org/jcr/nt/1.0"
    jcr:primaryType="nt:unstructured"
    jcr:title="Properties"
    sling:resourceType="cq/gui/components/authoring/dialog">
    <content
        jcr:primaryType="nt:unstructured"
        sling:resourceType="granite/ui/components/coral/foundation/fixedcolumns">
        <items jcr:primaryType="nt:unstructured">
            <column
                jcr:primaryType="nt:unstructured"
                sling:resourceType="granite/ui/components/coral/foundation/container">
                <items jcr:primaryType="nt:unstructured">
                    <multifield
                        jcr:primaryType="nt:unstructured"
                        sling:resourceType="granite/ui/components/coral/foundation/form/multifield"
                        composite="{Boolean}true">
                        <field
                            jcr:primaryType="nt:unstructured"
                            sling:resourceType="/libs/granite/ui/components/coral/foundation/container"
                            name="./blog">
                            <items jcr:primaryType="nt:unstructured">
                                <language
                                    jcr:primaryType="nt:unstructured"
                                    sling:resourceType="granite/ui/components/coral/foundation/form/textfield"
                                    fieldDescription="Enter Programming language "
                                    fieldLabel="Language (C, Java etc)"
                                    name="language"/>
                                <title
                                    jcr:primaryType="nt:unstructured"
                                    sling:resourceType="granite/ui/components/coral/foundation/form/textfield"
                                    fieldDescription="Enter title of blog"
                                    fieldLabel="Title of blog"
                                    name="title"/>
                                <info
                                    jcr:primaryType="nt:unstructured"
                                    sling:resourceType="granite/ui/components/coral/foundation/form/textarea"
                                    fieldDescription="blog info"
                                    fieldLabel="Info of blog"
                                    name="info"/>
                                <link
                                    jcr:primaryType="nt:unstructured"
                                    sling:resourceType="granite/ui/components/coral/foundation/form/textarea"
                                    fieldDescription="link"
                                    fieldLabel="enter link"
                                    name="link"/>
                                <date
                                    jcr:primaryType="nt:unstructured"
                                    sling:resourceType="granite/ui/components/coral/foundation/form/datepicker"
                                    fieldDescription="Date "
                                    fieldLabel="enter Date"
                                    name="date"/>
                            </items>
                        </field>
                    </multifield>
                </items>
            </column>
        </items>
    </content>
</jcr:root>
