<?xml version="1.0" encoding="UTF-8"?>
<jcr:root xmlns:sling="http://sling.apache.org/jcr/sling/1.0" xmlns:cq="http://www.day.com/jcr/cq/1.0" xmlns:jcr="http://www.jcp.org/jcr/1.0" xmlns:nt="http://www.jcp.org/jcr/nt/1.0"
    jcr:primaryType="cq:Page">
    <wcm jcr:primaryType="nt:unstructured">
        <foundation jcr:primaryType="nt:unstructured">
            <components jcr:primaryType="nt:unstructured">
                <page jcr:primaryType="nt:unstructured">
                    <jcr:content
                        jcr:primaryType="nt:unstructured"
                        mergeList="{Boolean}true"/>
                    <default
                        jcr:description="Policy of the default page"
                        jcr:lastModified="{Date}2022-03-31T14:10:31.615+05:30"
                        jcr:lastModifiedBy="admin"
                        jcr:primaryType="nt:unstructured"
                        jcr:title="Default Page"
                        sling:resourceType="wcm/core/components/policy/policy"
                        clientlibs="[wcm.foundation.components.page.responsive,lib1]">
                        <jcr:content
                            jcr:primaryType="nt:unstructured"
                            mergeList="{Boolean}true"/>
                    </default>
                </page>
                <responsivegrid jcr:primaryType="nt:unstructured">
                    <jcr:content
                        jcr:primaryType="nt:unstructured"
                        mergeList="{Boolean}true"/>
                    <default
                        jcr:description="Policy of the default root parsys"
                        jcr:lastModified="{Date}2022-04-02T16:05:38.029+05:30"
                        jcr:lastModifiedBy="admin"
                        jcr:primaryType="nt:unstructured"
                        jcr:title="Default Layout Container"
                        sling:resourceType="wcm/core/components/policy/policy"
                        components="[/libs/wcm/foundation/components/responsivegrid,/apps/Bootcamp/components/Published-Blog,group:My-Work]">
                        <cq:authoring jcr:primaryType="nt:unstructured">
                            <assetToComponentMapping jcr:primaryType="nt:unstructured">
                                <image
                                    jcr:primaryType="nt:unstructured"
                                    assetGroup="media"
                                    assetMimetype="image/*"
                                    droptarget="image"
                                    resourceType="wcm/foundation/components/image"
                                    type="Images"/>
                                <product
                                    jcr:primaryType="nt:unstructured"
                                    assetGroup="product"
                                    droptarget="product-data-reference"
                                    resourceType="commerce/components/product"
                                    type="Products"/>
                                <document
                                    jcr:primaryType="nt:unstructured"
                                    assetGroup="media"
                                    assetMimetype="[application/vnd.openxmlformats,application/msword,application/vnd.ms-powerpoint,application/mspowerpoint,application/powerpoint,application/x-mspowerpoint,application/x-msexcel,application/x-excel,application/excel,application/vnd.ms-excel,application/pdf,application/vnd.openxmlformats-officedocument.wordprocessingml.document]"
                                    droptarget="file"
                                    resourceType="foundation/components/download"
                                    type="Images"/>
                                <video
                                    jcr:primaryType="nt:unstructured"
                                    assetGroup="media"
                                    assetMimetype="video/*"
                                    droptarget="video"
                                    resourceType="foundation/components/video"
                                    type="Images"/>
                                <fragment
                                    jcr:primaryType="nt:unstructured"
                                    assetGroup="media"
                                    assetMimetype="text/html"
                                    droptarget="fragment"
                                    resourceType="dam/cfm/components/contentfragment"
                                    type="Content Fragment"/>
                                <experiencefragment
                                    jcr:primaryType="nt:unstructured"
                                    assetGroup="content"
                                    assetMimetype="text/html"
                                    droptarget="experiencefragment"
                                    resourceType="cq/experience-fragments/editor/components/experiencefragment"
                                    type="experiencefragment"/>
                            </assetToComponentMapping>
                        </cq:authoring>
                        <jcr:content
                            jcr:primaryType="nt:unstructured"
                            mergeList="{Boolean}true"/>
                    </default>
                    <policy_35431648029948
                        jcr:lastModified="{Date}2022-03-30T17:10:44.504+05:30"
                        jcr:lastModifiedBy="admin"
                        jcr:primaryType="nt:unstructured"
                        jcr:title="my-policy"
                        sling:resourceType="wcm/core/components/policy/policy"
                        components="group:Mock-Project">
                        <jcr:content jcr:primaryType="nt:unstructured"/>
                    </policy_35431648029948>
                    <policy_47161409457396
                        jcr:lastModified="{Date}2022-03-30T20:23:17.881+05:30"
                        jcr:lastModifiedBy="admin"
                        jcr:primaryType="nt:unstructured"
                        jcr:title="banner"
                        sling:resourceType="wcm/core/components/policy/policy"
                        components="/apps/Bootcamp/components/Banner">
                        <jcr:content jcr:primaryType="nt:unstructured"/>
                    </policy_47161409457396>
                    <policy_47197460750939
                        jcr:lastModified="{Date}2022-03-30T20:24:27.764+05:30"
                        jcr:lastModifiedBy="admin"
                        jcr:primaryType="nt:unstructured"
                        jcr:title="my-poly"
                        sling:resourceType="wcm/core/components/policy/policy"
                        components="group:Mock-Project">
                        <jcr:content jcr:primaryType="nt:unstructured"/>
                    </policy_47197460750939>
                    <policy_50741394200546
                        jcr:lastModified="{Date}2022-03-30T21:24:12.387+05:30"
                        jcr:lastModifiedBy="admin"
                        jcr:primaryType="nt:unstructured"
                        jcr:title="Demo Page"
                        sling:resourceType="wcm/core/components/policy/policy"
                        components="[/libs/wcm/foundation/components/responsivegrid,group:Mock-Project]">
                        <jcr:content jcr:primaryType="nt:unstructured"/>
                    </policy_50741394200546>
                    <policy_53038879999921
                        jcr:lastModified="{Date}2022-03-30T22:01:17.919+05:30"
                        jcr:lastModifiedBy="admin"
                        jcr:primaryType="nt:unstructured"
                        jcr:title="my-poly"
                        sling:resourceType="wcm/core/components/policy/policy"
                        components="[/libs/wcm/foundation/components/responsivegrid,group:Mock-Project]">
                        <jcr:content jcr:primaryType="nt:unstructured"/>
                    </policy_53038879999921>
                    <policy_53732546189909
                        jcr:lastModified="{Date}2022-03-30T22:12:48.076+05:30"
                        jcr:lastModifiedBy="admin"
                        jcr:primaryType="nt:unstructured"
                        jcr:title="my-poly"
                        sling:resourceType="wcm/core/components/policy/policy"
                        components="[/libs/wcm/foundation/components/responsivegrid,group:Mock-Project]">
                        <jcr:content jcr:primaryType="nt:unstructured"/>
                    </policy_53732546189909>
                    <policy_55842302902248
                        jcr:lastModified="{Date}2022-03-30T22:47:52.190+05:30"
                        jcr:lastModifiedBy="admin"
                        jcr:primaryType="nt:unstructured"
                        jcr:title="my-poly"
                        sling:resourceType="wcm/core/components/policy/policy"
                        components="[/libs/wcm/foundation/components/responsivegrid,group:Mock-Project]">
                        <jcr:content jcr:primaryType="nt:unstructured"/>
                    </policy_55842302902248>
                    <policy_55842296536495
                        jcr:lastModified="{Date}2022-03-30T22:50:02.037+05:30"
                        jcr:lastModifiedBy="admin"
                        jcr:primaryType="nt:unstructured"
                        jcr:title="my-poly"
                        sling:resourceType="wcm/core/components/policy/policy"
                        components="[/libs/wcm/foundation/components/responsivegrid,group:Mock-Project]">
                        <jcr:content jcr:primaryType="nt:unstructured"/>
                    </policy_55842296536495>
                    <policy_12577730955561
                        jcr:lastModified="{Date}2022-03-31T14:07:56.087+05:30"
                        jcr:lastModifiedBy="admin"
                        jcr:primaryType="nt:unstructured"
                        jcr:title="blogsPage"
                        sling:resourceType="wcm/core/components/policy/policy"
                        components="group:Mock-Project">
                        <jcr:content jcr:primaryType="nt:unstructured"/>
                    </policy_12577730955561>
                    <policy_12920616055139
                        jcr:lastModified="{Date}2022-03-31T14:12:14.012+05:30"
                        jcr:lastModifiedBy="admin"
                        jcr:primaryType="nt:unstructured"
                        jcr:title="blogsPage"
                        sling:resourceType="wcm/core/components/policy/policy"
                        components="group:Mock-Project">
                        <jcr:content jcr:primaryType="nt:unstructured"/>
                    </policy_12920616055139>
                    <policy_13193302091966
                        jcr:lastModified="{Date}2022-03-31T14:17:06.087+05:30"
                        jcr:lastModifiedBy="admin"
                        jcr:primaryType="nt:unstructured"
                        jcr:title="blogsPoly"
                        sling:resourceType="wcm/core/components/policy/policy"
                        components="[/libs/wcm/foundation/components/responsivegrid,group:Mock-Project]">
                        <jcr:content jcr:primaryType="nt:unstructured"/>
                    </policy_13193302091966>
                </responsivegrid>
            </components>
        </foundation>
    </wcm>
</jcr:root>
