<?xml version="1.0" encoding="UTF-8"?>
<jcr:root xmlns:sling="http://sling.apache.org/jcr/sling/1.0" xmlns:cq="http://www.day.com/jcr/cq/1.0" xmlns:jcr="http://www.jcp.org/jcr/1.0" xmlns:nt="http://www.jcp.org/jcr/nt/1.0"
    jcr:primaryType="cq:Page">
    <jcr:content
        cq:lastModified="{Date}2022-04-02T01:43:03.060+05:30"
        cq:lastModifiedBy="admin"
        cq:template="/conf/Mock-Project/settings/wcm/templates/blogs-temp"
        jcr:primaryType="cq:PageContent"
        jcr:title="blogs"
        sling:resourceType="wcm/foundation/components/page">
        <root
            jcr:primaryType="nt:unstructured"
            sling:resourceType="wcm/foundation/components/responsivegrid">
            <responsivegrid_894450945
                jcr:created="{Date}2022-03-31T14:09:56.377+05:30"
                jcr:createdBy="admin"
                jcr:lastModified="{Date}2022-03-31T14:11:53.062+05:30"
                jcr:lastModifiedBy="admin"
                jcr:primaryType="nt:unstructured"
                sling:resourceType="wcm/foundation/components/responsivegrid"/>
            <responsivegrid_2030694137 jcr:primaryType="nt:unstructured">
                <responsivegrid_19940
                    jcr:primaryType="nt:unstructured"
                    sling:resourceType="wcm/foundation/components/responsivegrid">
                    <responsivegrid
                        jcr:created="{Date}2022-03-31T14:17:29.848+05:30"
                        jcr:createdBy="admin"
                        jcr:lastModified="{Date}2022-03-31T14:17:29.848+05:30"
                        jcr:lastModifiedBy="admin"
                        jcr:primaryType="nt:unstructured"
                        sling:resourceType="wcm/foundation/components/responsivegrid">
                        <cq:responsive jcr:primaryType="nt:unstructured">
                            <default
                                jcr:primaryType="nt:unstructured"
                                offset="1"
                                width="10"/>
                        </cq:responsive>
                        <published_blog
                            jcr:created="{Date}2022-03-31T14:17:58.062+05:30"
                            jcr:createdBy="admin"
                            jcr:lastModified="{Date}2022-04-02T01:33:59.352+05:30"
                            jcr:lastModifiedBy="admin"
                            jcr:primaryType="nt:unstructured"
                            sling:resourceType="Bootcamp/components/Published-Blog"/>
                    </responsivegrid>
                </responsivegrid_19940>
            </responsivegrid_2030694137>
        </root>
    </jcr:content>
</jcr:root>
