<?xml version="1.0" encoding="UTF-8"?>
<jcr:root xmlns:sling="http://sling.apache.org/jcr/sling/1.0" xmlns:cq="http://www.day.com/jcr/cq/1.0" xmlns:jcr="http://www.jcp.org/jcr/1.0" xmlns:nt="http://www.jcp.org/jcr/nt/1.0"
    jcr:primaryType="cq:Page">
    <jcr:content
        cq:lastModified="{Date}2022-04-01T14:49:03.930+05:30"
        cq:lastModifiedBy="admin"
        cq:template="/conf/Mock-Project/settings/wcm/templates/blog-temp"
        jcr:primaryType="cq:PageContent"
        jcr:title="blog"
        sling:resourceType="wcm/foundation/components/page">
        <root
            jcr:primaryType="nt:unstructured"
            sling:resourceType="wcm/foundation/components/responsivegrid">
            <responsivegrid_948205594
                jcr:created="{Date}2022-03-30T22:47:16.279+05:30"
                jcr:createdBy="admin"
                jcr:lastModified="{Date}2022-03-30T22:47:32.796+05:30"
                jcr:lastModifiedBy="admin"
                jcr:primaryType="nt:unstructured"
                sling:resourceType="wcm/foundation/components/responsivegrid">
                <responsivegrid
                    jcr:created="{Date}2022-03-30T22:50:14.578+05:30"
                    jcr:createdBy="admin"
                    jcr:lastModified="{Date}2022-03-30T22:50:14.578+05:30"
                    jcr:lastModifiedBy="admin"
                    jcr:primaryType="nt:unstructured"
                    sling:resourceType="wcm/foundation/components/responsivegrid">
                    <cq:responsive jcr:primaryType="nt:unstructured"/>
                    <banner
                        jcr:created="{Date}2022-03-30T22:50:22.080+05:30"
                        jcr:createdBy="admin"
                        jcr:lastModified="{Date}2022-03-30T22:50:22.080+05:30"
                        jcr:lastModifiedBy="admin"
                        jcr:primaryType="nt:unstructured"
                        sling:resourceType="Bootcamp/components/Banner"/>
                </responsivegrid>
                <responsivegrid_112878618
                    jcr:created="{Date}2022-03-30T22:51:17.179+05:30"
                    jcr:createdBy="admin"
                    jcr:lastModified="{Date}2022-03-30T22:51:17.179+05:30"
                    jcr:lastModifiedBy="admin"
                    jcr:primaryType="nt:unstructured"
                    sling:resourceType="wcm/foundation/components/responsivegrid">
                    <cq:responsive jcr:primaryType="nt:unstructured">
                        <default
                            jcr:primaryType="nt:unstructured"
                            offset="0"
                            width="8"/>
                    </cq:responsive>
                    <responsivegrid
                        jcr:created="{Date}2022-03-31T21:43:47.653+05:30"
                        jcr:createdBy="admin"
                        jcr:lastModified="{Date}2022-03-31T21:43:47.653+05:30"
                        jcr:lastModifiedBy="admin"
                        jcr:primaryType="nt:unstructured"
                        sling:resourceType="wcm/foundation/components/responsivegrid">
                        <cq:responsive jcr:primaryType="nt:unstructured"/>
                        <heading
                            jcr:created="{Date}2022-03-31T21:44:24.068+05:30"
                            jcr:createdBy="admin"
                            jcr:lastModified="{Date}2022-04-01T14:47:44.794+05:30"
                            jcr:lastModifiedBy="admin"
                            jcr:primaryType="nt:unstructured"
                            sling:resourceType="Bootcamp/components/Heading"
                            link="https://www.google.com/"
                            text="my post">
                            <cq:responsive jcr:primaryType="nt:unstructured">
                                <default
                                    jcr:primaryType="nt:unstructured"
                                    offset="1"
                                    width="7"/>
                            </cq:responsive>
                        </heading>
                    </responsivegrid>
                    <content
                        jcr:created="{Date}2022-03-31T21:41:27.157+05:30"
                        jcr:createdBy="admin"
                        jcr:lastModified="{Date}2022-03-31T21:41:27.157+05:30"
                        jcr:lastModifiedBy="admin"
                        jcr:primaryType="nt:unstructured"
                        sling:resourceType="Bootcamp/components/Content">
                        <cq:responsive jcr:primaryType="nt:unstructured">
                            <default
                                jcr:primaryType="nt:unstructured"
                                offset="1"
                                width="7"/>
                        </cq:responsive>
                    </content>
                </responsivegrid_112878618>
                <responsivegrid_1006011232
                    jcr:created="{Date}2022-03-30T22:51:21.505+05:30"
                    jcr:createdBy="admin"
                    jcr:lastModified="{Date}2022-03-30T22:51:21.505+05:30"
                    jcr:lastModifiedBy="admin"
                    jcr:primaryType="nt:unstructured"
                    sling:resourceType="wcm/foundation/components/responsivegrid">
                    <cq:responsive jcr:primaryType="nt:unstructured">
                        <default
                            jcr:primaryType="nt:unstructured"
                            offset="0"
                            width="4"/>
                    </cq:responsive>
                    <about
                        jcr:created="{Date}2022-03-30T22:53:03.057+05:30"
                        jcr:createdBy="admin"
                        jcr:lastModified="{Date}2022-04-01T14:49:03.928+05:30"
                        jcr:lastModifiedBy="admin"
                        jcr:primaryType="nt:unstructured"
                        sling:resourceType="Bootcamp/components/About"
                        about="hiiiiiiiii">
                        <cq:responsive jcr:primaryType="nt:unstructured">
                            <default
                                jcr:primaryType="nt:unstructured"
                                offset="0"
                                width="3"/>
                        </cq:responsive>
                    </about>
                    <responsivegrid
                        jcr:created="{Date}2022-03-31T21:41:47.977+05:30"
                        jcr:createdBy="admin"
                        jcr:lastModified="{Date}2022-03-31T21:41:47.977+05:30"
                        jcr:lastModifiedBy="admin"
                        jcr:primaryType="nt:unstructured"
                        sling:resourceType="wcm/foundation/components/responsivegrid">
                        <cq:responsive jcr:primaryType="nt:unstructured"/>
                        <listing
                            jcr:created="{Date}2022-03-31T21:43:21.848+05:30"
                            jcr:createdBy="admin"
                            jcr:lastModified="{Date}2022-04-01T12:22:07.161+05:30"
                            jcr:lastModifiedBy="admin"
                            jcr:primaryType="nt:unstructured"
                            sling:resourceType="Bootcamp/components/Listing"
                            linkname="http://localhost:4502/sites.html/content/mysite/us/en"/>
                    </responsivegrid>
                </responsivegrid_1006011232>
            </responsivegrid_948205594>
        </root>
    </jcr:content>
</jcr:root>
